file_keys,P3L56N004_fb,P3L64C007_fb,P3L64C008_fb,S2L57N004_fb,S2L57N005_fb,S2R30C006_fb
8LQY5RYP0FUJTPIjzd4y8Q5t8Nvl1L9V,0,1,1,0,0,1
GsxRasK0Nv4nb0F67T2bGp7szqQfPj1e,0,1,1,0,0,1
JVEQKb31GLX8uCLIu4TcnecpA1MB01VG,0,1,1,0,0,1
VB129plnZ70dE74HIPFkmHg8hPUZp0t5,0,1,1,0,0,1
0962ToO3lZMIZWGTv2SkatvLXBnuEZHC,0,1,1,0,0,1
YrbbHDMAraUjCOteQ4yxUGdqBmnnKsU8,0,1,1,0,0,1
JjO9C0RicW96aL9wsPFzFMHiuzhteaLV,0,1,0,0,0,0
pudlAaZgBa6U0ZSqFMIdIhdGciuB5FZW,0,1,1,0,0,1
UcGp4vzCngBjfiAR4BrzjaMs1FyA0PN8,0,1,1,0,0,1
P7VE3o7ErGU7kxydl2cixa4D2mIsWmfr,0,1,1,0,0,1
NMuFA1Mam76l3IflxvV611Hmv34CDBOZ,0,1,1,0,0,1
uSak1zzl5k7p2Zu9AEeUPjLJ1invZwKG,0,1,1,0,0,1
D728UP0jV8qXtpHRitWq0wH5zQrVD9hG,0,1,1,0,0,1
WVEmOdAxe3WzwtIb8XR9GuEV8d7Sb8Oy,0,1,1,0,0,1
9JYZARCmkH5X26qABQAofEgKbWVt0opW,0,1,1,0,0,1
cZo1BnboqBcm7oklDk7QGMl2Z53MbjES,0,1,1,0,0,1
WUtN9gP3kx0sOESdn5p0aClhAb6jJqGf,0,1,1,0,0,1
7FpwBVEsqHJdCKgH35P0jz9IKTLg41jB,0,1,1,0,0,1
hTfGxWzS1iKb2ynsxsPlL4SKoPPO9lSk,0,1,1,0,0,1
CAyeuS6mLl0vR28ISLxQulfsxbvRISdj,0,1,1,0,0,1
UMxNBAR4B0w1nvAAanTsYrvhKFqSo7YI,0,1,1,0,0,1
oG8wkNr4TiTaZ6hHVgfaWbVP5yTNLijk,0,1,1,0,0,1
i9BBE1JW2GQEeAq7AWGwfqprnYZcYDJi,0,1,1,0,0,1
GgD0yddAsGzPnE5bdCJtvhmusW4lDdPe,0,1,1,0,0,1
6bTbkb8h9VR5qQF72XATFDEnwYW5VF8k,0,1,1,0,0,1
hmTbNCwrN8MSERxz0hrDIJoQdLBJYIMy,0,1,1,0,0,1
ACLWgYFIMaGUmq7QNc99s2p5j4ilVEzS,0,1,1,0,0,1
aKZL4w1attmy4uXjSusnBD9QzM5HBBeG,0,1,1,0,0,1
B5wdibWjSsscuTxXuizb6b7Jn6TWrvcR,0,1,1,0,0,1
wxnNS16L4W6A9YKm4wQ6Prajap84jolJ,0,1,1,0,0,1
LqYnhFZ47cMjPMyOd5xZrNtQdKvwPDlg,0,1,1,0,0,1
ZGszyDRowipenYz8JMvNR0hFRKQwcj0W,0,1,1,0,0,1
yu984OqdqsTvrYZOKkA1RfatotKQy65f,0,1,1,0,0,1
3XUctRI82CT9f0qwXinsISGrRhaS6BFK,0,1,1,0,0,1
Z3Em08z6N0BqImTUDOlaWuecHabvDZUf,0,1,1,0,0,1
tRb4yoAkf9H6z9V9avJrkKvdA2E08Wji,0,1,1,0,0,1
83KvDEuSwx9gtkOzi1STvioS5etYMpSV,0,1,1,0,1,1
